source_id,target_id,Source,Target,Region,Amount
1,1,北京市,北京市,北京市,3319
1,2,北京市,上海市,北京市,4195
1,3,北京市,天津市,北京市,3742
1,4,北京市,重庆市,北京市,6996
1,5,北京市,石家庄市,北京市,4245
1,6,北京市,沈阳市,北京市,2979
1,7,北京市,哈尔滨市,北京市,3426
1,8,北京市,杭州市,北京市,2675
1,9,北京市,福州市,北京市,2403
1,10,北京市,济南市,北京市,2000
1,11,北京市,广州市,北京市,2694
1,12,北京市,武汉市,北京市,2788
1,13,北京市,成都市,北京市,3640
1,14,北京市,昆明市,北京市,2571
1,15,北京市,兰州市,北京市,1569
1,16,北京市,台北市,北京市,207
1,17,北京市,南宁市,北京市,2281
1,18,北京市,银川市,北京市,1223
1,19,北京市,太原市,北京市,1872
1,20,北京市,长春市,北京市,2280
1,21,北京市,南京市,北京市,2640
1,22,北京市,合肥市,北京市,2324
1,23,北京市,南昌市,北京市,2337
1,24,北京市,郑州市,北京市,2792
1,25,北京市,长沙市,北京市,1930
1,26,北京市,海口市,北京市,939
1,27,北京市,贵阳市,北京市,2127
1,28,北京市,西安市,北京市,2592
1,29,北京市,西宁市,北京市,1286
1,30,北京市,呼和浩特市,北京市,1675
1,31,北京市,拉萨市,北京市,1359
1,32,北京市,乌鲁木齐市,北京市,1600
1,33,北京市,大连市,北京市,2297
1,34,北京市,青岛市,北京市,2475
1,35,北京市,宁波市,北京市,2199
1,36,北京市,厦门市,北京市,1284
1,37,北京市,深圳市,北京市,1835
2,1,上海市,北京市,上海市,3845
2,2,上海市,上海市,上海市,3734
2,3,上海市,天津市,上海市,3421
2,4,上海市,重庆市,上海市,7051
2,5,上海市,石家庄市,上海市,4451
2,6,上海市,沈阳市,上海市,2909
2,7,上海市,哈尔滨市,上海市,3736
2,8,上海市,杭州市,上海市,3068
2,9,上海市,福州市,上海市,2613
2,10,上海市,济南市,上海市,1975
2,11,上海市,广州市,上海市,2501
2,12,上海市,武汉市,上海市,2405
2,13,上海市,成都市,上海市,3662
2,14,上海市,昆明市,上海市,2863
2,15,上海市,兰州市,上海市,1610
2,16,上海市,台北市,上海市,63
2,17,上海市,南宁市,上海市,2438
2,18,上海市,银川市,上海市,1302
2,19,上海市,太原市,上海市,1823
2,20,上海市,长春市,上海市,2401
2,21,上海市,南京市,上海市,3018
2,22,上海市,合肥市,上海市,2273
2,23,上海市,南昌市,上海市,2141
2,24,上海市,郑州市,上海市,2684
2,25,上海市,长沙市,上海市,1858
2,26,上海市,海口市,上海市,880
2,27,上海市,贵阳市,上海市,2115
2,28,上海市,西安市,上海市,2536
2,29,上海市,西宁市,上海市,1293
2,30,上海市,呼和浩特市,上海市,1813
2,31,上海市,拉萨市,上海市,1326
2,32,上海市,乌鲁木齐市,上海市,1434
2,33,上海市,大连市,上海市,2255
2,34,上海市,青岛市,上海市,2438
2,35,上海市,宁波市,上海市,2680
2,36,上海市,厦门市,上海市,1363
2,37,上海市,深圳市,上海市,1902
3,38,天津市,北京市,天津市,2598
3,39,天津市,上海市,天津市,2868
3,40,天津市,天津市,天津市,2480
3,41,天津市,重庆市,天津市,5371
3,42,天津市,石家庄市,天津市,3510
3,43,天津市,沈阳市,天津市,2339
3,44,天津市,哈尔滨市,天津市,2852
3,45,天津市,杭州市,天津市,1977
3,46,天津市,福州市,天津市,1989
3,47,天津市,济南市,天津市,1593
3,48,天津市,广州市,天津市,2055
3,49,天津市,武汉市,天津市,2112
3,50,天津市,成都市,天津市,2798
3,51,天津市,昆明市,天津市,2130
3,52,天津市,兰州市,天津市,1301
3,53,天津市,台北市,天津市,341
3,54,天津市,南宁市,天津市,1921
3,55,天津市,银川市,天津市,1012
3,56,天津市,太原市,天津市,1479
3,57,天津市,长春市,天津市,1875
3,58,天津市,南京市,天津市,2042
3,59,天津市,合肥市,天津市,1773
3,60,天津市,南昌市,天津市,1807
3,61,天津市,郑州市,天津市,2121
3,62,天津市,长沙市,天津市,1503
3,63,天津市,海口市,天津市,749
3,64,天津市,贵阳市,天津市,1704
3,65,天津市,西安市,天津市,2075
3,66,天津市,西宁市,天津市,1098
3,67,天津市,呼和浩特市,天津市,1397
3,68,天津市,拉萨市,天津市,956
3,69,天津市,乌鲁木齐市,天津市,1271
3,70,天津市,大连市,天津市,1840
3,71,天津市,青岛市,天津市,1863
3,72,天津市,宁波市,天津市,1610
3,73,天津市,厦门市,天津市,1037
3,74,天津市,深圳市,天津市,1598
4,1,重庆市,北京市,重庆市,2763
4,2,重庆市,上海市,重庆市,2829
4,3,重庆市,天津市,重庆市,2693
4,4,重庆市,重庆市,重庆市,5185
4,5,重庆市,石家庄市,重庆市,3777
4,6,重庆市,沈阳市,重庆市,2305
4,7,重庆市,哈尔滨市,重庆市,3023
4,8,重庆市,杭州市,重庆市,2166
4,9,重庆市,福州市,重庆市,2100
4,10,重庆市,济南市,重庆市,1633
4,11,重庆市,广州市,重庆市,1848
4,12,重庆市,武汉市,重庆市,1877
4,13,重庆市,成都市,重庆市,3037
4,14,重庆市,昆明市,重庆市,2295
4,15,重庆市,兰州市,重庆市,1301
4,16,重庆市,台北市,重庆市,0
4,17,重庆市,南宁市,重庆市,1635
4,18,重庆市,银川市,重庆市,1008
4,19,重庆市,太原市,重庆市,1526
4,20,重庆市,长春市,重庆市,1840
4,21,重庆市,南京市,重庆市,1745
4,22,重庆市,合肥市,重庆市,1721
4,23,重庆市,南昌市,重庆市,1553
4,24,重庆市,郑州市,重庆市,1975
4,25,重庆市,长沙市,重庆市,1382
4,26,重庆市,海口市,重庆市,607
4,27,重庆市,贵阳市,重庆市,1665
4,28,重庆市,西安市,重庆市,2102
4,29,重庆市,西宁市,重庆市,1089
4,30,重庆市,呼和浩特市,重庆市,1273
4,31,重庆市,拉萨市,重庆市,951
4,32,重庆市,乌鲁木齐市,重庆市,1223
4,33,重庆市,大连市,重庆市,1818
4,34,重庆市,青岛市,重庆市,1884
4,35,重庆市,宁波市,重庆市,1734
4,36,重庆市,厦门市,重庆市,1002
4,37,重庆市,深圳市,重庆市,1700
5,1,石家庄市,北京市,石家庄市,1399
5,2,石家庄市,上海市,石家庄市,1406
5,3,石家庄市,天津市,石家庄市,1384
5,4,石家庄市,重庆市,石家庄市,3191
5,5,石家庄市,石家庄市,石家庄市,2452
5,6,石家庄市,沈阳市,石家庄市,1167
5,7,石家庄市,哈尔滨市,石家庄市,1541
5,8,石家庄市,杭州市,石家庄市,1207
5,9,石家庄市,福州市,石家庄市,1171
5,10,石家庄市,济南市,石家庄市,884
5,11,石家庄市,广州市,石家庄市,1082
5,12,石家庄市,武汉市,石家庄市,1138
5,13,石家庄市,成都市,石家庄市,1662
5,14,石家庄市,昆明市,石家庄市,1249
5,15,石家庄市,兰州市,石家庄市,664
5,16,石家庄市,台北市,石家庄市,17
5,17,石家庄市,南宁市,石家庄市,1008
5,18,石家庄市,银川市,石家庄市,522
5,19,石家庄市,太原市,石家庄市,821
5,20,石家庄市,长春市,石家庄市,928
5,21,石家庄市,南京市,石家庄市,1051
5,22,石家庄市,合肥市,石家庄市,949
5,23,石家庄市,南昌市,石家庄市,951
5,24,石家庄市,郑州市,石家庄市,1218
5,25,石家庄市,长沙市,石家庄市,838
5,26,石家庄市,海口市,石家庄市,350
5,27,石家庄市,贵阳市,石家庄市,888
5,28,石家庄市,西安市,石家庄市,1132
5,29,石家庄市,西宁市,石家庄市,565
5,30,石家庄市,呼和浩特市,石家庄市,746
5,31,石家庄市,拉萨市,石家庄市,496
5,32,石家庄市,乌鲁木齐市,石家庄市,639
5,33,石家庄市,大连市,石家庄市,935
5,34,石家庄市,青岛市,石家庄市,1024
5,35,石家庄市,宁波市,石家庄市,938
5,36,石家庄市,厦门市,石家庄市,572
5,37,石家庄市,深圳市,石家庄市,931
6,1,沈阳市,北京市,沈阳市,691
6,2,沈阳市,上海市,沈阳市,504
6,3,沈阳市,天津市,沈阳市,501
6,4,沈阳市,重庆市,沈阳市,1174
6,5,沈阳市,石家庄市,沈阳市,739
6,6,沈阳市,沈阳市,沈阳市,405
6,7,沈阳市,哈尔滨市,沈阳市,580
6,8,沈阳市,杭州市,沈阳市,441
6,9,沈阳市,福州市,沈阳市,414
6,10,沈阳市,济南市,沈阳市,315
6,11,沈阳市,广州市,沈阳市,380
6,12,沈阳市,武汉市,沈阳市,408
6,13,沈阳市,成都市,沈阳市,612
6,14,沈阳市,昆明市,沈阳市,459
6,15,沈阳市,兰州市,沈阳市,244
6,16,沈阳市,台北市,沈阳市,0
6,17,沈阳市,南宁市,沈阳市,380
6,18,沈阳市,银川市,沈阳市,197
6,19,沈阳市,太原市,沈阳市,329
6,20,沈阳市,长春市,沈阳市,319
6,21,沈阳市,南京市,沈阳市,367
6,22,沈阳市,合肥市,沈阳市,327
6,23,沈阳市,南昌市,沈阳市,322
6,24,沈阳市,郑州市,沈阳市,437
6,25,沈阳市,长沙市,沈阳市,303
6,26,沈阳市,海口市,沈阳市,137
6,27,沈阳市,贵阳市,沈阳市,322
6,28,沈阳市,西安市,沈阳市,410
6,29,沈阳市,西宁市,沈阳市,208
6,30,沈阳市,呼和浩特市,沈阳市,280
6,31,沈阳市,拉萨市,沈阳市,161
6,32,沈阳市,乌鲁木齐市,沈阳市,235
6,33,沈阳市,大连市,沈阳市,340
6,34,沈阳市,青岛市,沈阳市,356
6,35,沈阳市,宁波市,沈阳市,356
6,36,沈阳市,厦门市,沈阳市,200
6,37,沈阳市,深圳市,沈阳市,362
7,1,哈尔滨市,北京市,哈尔滨市,528
7,2,哈尔滨市,上海市,哈尔滨市,533
7,3,哈尔滨市,天津市,哈尔滨市,530
7,4,哈尔滨市,重庆市,哈尔滨市,1323
7,5,哈尔滨市,石家庄市,哈尔滨市,836
7,6,哈尔滨市,沈阳市,哈尔滨市,440
7,7,哈尔滨市,哈尔滨市,哈尔滨市,649
7,8,哈尔滨市,杭州市,哈尔滨市,489
7,9,哈尔滨市,福州市,哈尔滨市,448
7,10,哈尔滨市,济南市,哈尔滨市,340
7,11,哈尔滨市,广州市,哈尔滨市,409
7,12,哈尔滨市,武汉市,哈尔滨市,445
7,13,哈尔滨市,成都市,哈尔滨市,683
7,14,哈尔滨市,昆明市,哈尔滨市,522
7,15,哈尔滨市,兰州市,哈尔滨市,264
7,16,哈尔滨市,台北市,哈尔滨市,0
7,17,哈尔滨市,南宁市,哈尔滨市,408
7,18,哈尔滨市,银川市,哈尔滨市,212
7,19,哈尔滨市,太原市,哈尔滨市,357
7,20,哈尔滨市,长春市,哈尔滨市,339
7,21,哈尔滨市,南京市,哈尔滨市,388
7,22,哈尔滨市,合肥市,哈尔滨市,350
7,23,哈尔滨市,南昌市,哈尔滨市,348
7,24,哈尔滨市,郑州市,哈尔滨市,480
7,25,哈尔滨市,长沙市,哈尔滨市,335
7,26,哈尔滨市,海口市,哈尔滨市,141
7,27,哈尔滨市,贵阳市,哈尔滨市,349
7,28,哈尔滨市,西安市,哈尔滨市,456
7,29,哈尔滨市,西宁市,哈尔滨市,224
7,30,哈尔滨市,呼和浩特市,哈尔滨市,306
7,31,哈尔滨市,拉萨市,哈尔滨市,147
7,32,哈尔滨市,乌鲁木齐市,哈尔滨市,249
7,33,哈尔滨市,大连市,哈尔滨市,368
7,34,哈尔滨市,青岛市,哈尔滨市,378
7,35,哈尔滨市,宁波市,哈尔滨市,383
7,36,哈尔滨市,厦门市,哈尔滨市,214
7,37,哈尔滨市,深圳市,哈尔滨市,407
8,1,杭州市,北京市,杭州市,2208
8,2,杭州市,上海市,杭州市,3103
8,3,杭州市,天津市,杭州市,2161
8,4,杭州市,重庆市,杭州市,4752
8,5,杭州市,石家庄市,杭州市,2896
8,6,杭州市,沈阳市,杭州市,1816
8,7,杭州市,哈尔滨市,杭州市,2345
8,8,杭州市,杭州市,杭州市,2343
8,9,杭州市,福州市,杭州市,1478
8,10,杭州市,济南市,杭州市,1278
8,11,杭州市,广州市,杭州市,1750
8,12,杭州市,武汉市,杭州市,1544
8,13,杭州市,成都市,杭州市,2387
8,14,杭州市,昆明市,杭州市,1752
8,15,杭州市,兰州市,杭州市,1022
8,16,杭州市,台北市,杭州市,22
8,17,杭州市,南宁市,杭州市,1517
8,18,杭州市,银川市,杭州市,814
8,19,杭州市,太原市,杭州市,1211
8,20,杭州市,长春市,杭州市,1474
8,21,杭州市,南京市,杭州市,1616
8,22,杭州市,合肥市,杭州市,1264
8,23,杭州市,南昌市,杭州市,1192
8,24,杭州市,郑州市,杭州市,1757
8,25,杭州市,长沙市,杭州市,1190
8,26,杭州市,海口市,杭州市,502
8,27,杭州市,贵阳市,杭州市,1336
8,28,杭州市,西安市,杭州市,1607
8,29,杭州市,西宁市,杭州市,812
8,30,杭州市,呼和浩特市,杭州市,1122
8,31,杭州市,拉萨市,杭州市,877
8,32,杭州市,乌鲁木齐市,杭州市,990
8,33,杭州市,大连市,杭州市,1416
8,34,杭州市,青岛市,杭州市,1567
8,35,杭州市,宁波市,杭州市,1972
8,36,杭州市,厦门市,杭州市,768
8,37,杭州市,深圳市,杭州市,1254
9,1,福州市,北京市,福州市,958
9,2,福州市,上海市,福州市,918
9,3,福州市,天津市,福州市,892
9,4,福州市,重庆市,福州市,2144
9,5,福州市,石家庄市,福州市,1317
9,6,福州市,沈阳市,福州市,805
9,7,福州市,哈尔滨市,福州市,1050
9,8,福州市,杭州市,福州市,782
9,9,福州市,福州市,福州市,795
9,10,福州市,济南市,福州市,543
9,11,福州市,广州市,福州市,726
9,12,福州市,武汉市,福州市,730
9,13,福州市,成都市,福州市,1086
9,14,福州市,昆明市,福州市,825
9,15,福州市,兰州市,福州市,467
9,16,福州市,台北市,福州市,0
9,17,福州市,南宁市,福州市,602
9,18,福州市,银川市,福州市,363
9,19,福州市,太原市,福州市,589
9,20,福州市,长春市,福州市,659
9,21,福州市,南京市,福州市,646
9,22,福州市,合肥市,福州市,589
9,23,福州市,南昌市,福州市,608
9,24,福州市,郑州市,福州市,769
9,25,福州市,长沙市,福州市,543
9,26,福州市,海口市,福州市,252
9,27,福州市,贵阳市,福州市,601
9,28,福州市,西安市,福州市,740
9,29,福州市,西宁市,福州市,397
9,30,福州市,呼和浩特市,福州市,518
9,31,福州市,拉萨市,福州市,373
9,32,福州市,乌鲁木齐市,福州市,473
9,33,福州市,大连市,福州市,649
9,34,福州市,青岛市,福州市,623
9,35,福州市,宁波市,福州市,696
9,36,福州市,厦门市,福州市,397
9,37,福州市,深圳市,福州市,654
10,1,济南市,北京市,济南市,1296
10,2,济南市,上海市,济南市,1352
10,3,济南市,天津市,济南市,1304
10,4,济南市,重庆市,济南市,2851
10,5,济南市,石家庄市,济南市,1741
10,6,济南市,沈阳市,济南市,1133
10,7,济南市,哈尔滨市,济南市,1423
10,8,济南市,杭州市,济南市,975
10,9,济南市,福州市,济南市,942
10,10,济南市,济南市,济南市,866
10,11,济南市,广州市,济南市,508
10,12,济南市,武汉市,济南市,997
10,13,济南市,成都市,济南市,1449
10,14,济南市,昆明市,济南市,1054
10,15,济南市,兰州市,济南市,632
10,16,济南市,台北市,济南市,0
10,17,济南市,南宁市,济南市,753
10,18,济南市,银川市,济南市,498
10,19,济南市,太原市,济南市,791
10,20,济南市,长春市,济南市,919
10,21,济南市,南京市,济南市,927
10,22,济南市,合肥市,济南市,833
10,23,济南市,南昌市,济南市,831
10,24,济南市,郑州市,济南市,1039
10,25,济南市,长沙市,济南市,723
10,26,济南市,海口市,济南市,349
10,27,济南市,贵阳市,济南市,825
10,28,济南市,西安市,济南市,995
10,29,济南市,西宁市,济南市,519
10,30,济南市,呼和浩特市,济南市,684
10,31,济南市,拉萨市,济南市,491
10,32,济南市,乌鲁木齐市,济南市,654
10,33,济南市,大连市,济南市,889
10,34,济南市,青岛市,济南市,1128
10,35,济南市,宁波市,济南市,825
10,36,济南市,厦门市,济南市,474
10,37,济南市,深圳市,济南市,438
11,1,广州市,北京市,广州市,5713
11,2,广州市,上海市,广州市,6767
11,3,广州市,天津市,广州市,5204
11,4,广州市,重庆市,广州市,11232
11,5,广州市,石家庄市,广州市,6640
11,6,广州市,沈阳市,广州市,4538
11,7,广州市,哈尔滨市,广州市,5526
11,8,广州市,杭州市,广州市,4630
11,9,广州市,福州市,广州市,4430
11,10,广州市,济南市,广州市,3125
11,11,广州市,广州市,广州市,4264
11,12,广州市,武汉市,广州市,4425
11,13,广州市,成都市,广州市,6168
11,14,广州市,昆明市,广州市,4037
11,15,广州市,兰州市,广州市,2531
11,16,广州市,台北市,广州市,26
11,17,广州市,南宁市,广州市,3561
11,18,广州市,银川市,广州市,2001
11,19,广州市,太原市,广州市,2936
11,20,广州市,长春市,广州市,3921
11,21,广州市,南京市,广州市,4658
11,22,广州市,合肥市,广州市,3953
11,23,广州市,南昌市,广州市,3468
11,24,广州市,郑州市,广州市,4800
11,25,广州市,长沙市,广州市,3221
11,26,广州市,海口市,广州市,1399
11,27,广州市,贵阳市,广州市,3381
11,28,广州市,西安市,广州市,3742
11,29,广州市,西宁市,广州市,2063
11,30,广州市,呼和浩特市,广州市,2740
11,31,广州市,拉萨市,广州市,2253
11,32,广州市,乌鲁木齐市,广州市,2667
11,33,广州市,大连市,广州市,3789
11,34,广州市,青岛市,广州市,4034
11,35,广州市,宁波市,广州市,3892
11,36,广州市,厦门市,广州市,2325
11,37,广州市,深圳市,广州市,3631
12,1,武汉市,北京市,武汉市,1871
12,2,武汉市,上海市,武汉市,1679
12,3,武汉市,天津市,武汉市,1637
12,4,武汉市,重庆市,武汉市,3257
12,5,武汉市,石家庄市,武汉市,2288
12,6,武汉市,沈阳市,武汉市,1449
12,7,武汉市,哈尔滨市,武汉市,1822
12,8,武汉市,杭州市,武汉市,1288
12,9,武汉市,福州市,武汉市,1180
12,10,武汉市,济南市,武汉市,913
12,11,武汉市,广州市,武汉市,1132
12,12,武汉市,武汉市,武汉市,1239
12,13,武汉市,成都市,武汉市,1671
12,14,武汉市,昆明市,武汉市,1164
12,15,武汉市,兰州市,武汉市,683
12,16,武汉市,台北市,武汉市,1
12,17,武汉市,南宁市,武汉市,932
12,18,武汉市,银川市,武汉市,534
12,19,武汉市,太原市,武汉市,900
12,20,武汉市,长春市,武汉市,961
12,21,武汉市,南京市,武汉市,1188
12,22,武汉市,合肥市,武汉市,1170
12,23,武汉市,南昌市,武汉市,978
12,24,武汉市,郑州市,武汉市,1474
12,25,武汉市,长沙市,武汉市,893
12,26,武汉市,海口市,武汉市,397
12,27,武汉市,贵阳市,武汉市,939
12,28,武汉市,西安市,武汉市,1155
12,29,武汉市,西宁市,武汉市,569
12,30,武汉市,呼和浩特市,武汉市,879
12,31,武汉市,拉萨市,武汉市,569
12,32,武汉市,乌鲁木齐市,武汉市,828
12,33,武汉市,大连市,武汉市,999
12,34,武汉市,青岛市,武汉市,1118
12,35,武汉市,宁波市,武汉市,1074
12,36,武汉市,厦门市,武汉市,623
12,37,武汉市,深圳市,武汉市,851
13,1,成都市,北京市,成都市,2089
13,2,成都市,上海市,成都市,2111
13,3,成都市,天津市,成都市,2038
13,4,成都市,重庆市,成都市,4433
13,5,成都市,石家庄市,成都市,2726
13,6,成都市,沈阳市,成都市,1717
13,7,成都市,哈尔滨市,成都市,2187
13,8,成都市,杭州市,成都市,1582
13,9,成都市,福州市,成都市,1539
13,10,成都市,济南市,成都市,1209
13,11,成都市,广州市,成都市,1416
13,12,成都市,武汉市,成都市,1344
13,13,成都市,成都市,成都市,2587
13,14,成都市,昆明市,成都市,1616
13,15,成都市,兰州市,成都市,961
13,16,成都市,台北市,成都市,0
13,17,成都市,南宁市,成都市,1188
13,18,成都市,银川市,成都市,760
13,19,成都市,太原市,成都市,1090
13,20,成都市,长春市,成都市,1396
13,21,成都市,南京市,成都市,1287
13,22,成都市,合肥市,成都市,1295
13,23,成都市,南昌市,成都市,1108
13,24,成都市,郑州市,成都市,1409
13,25,成都市,长沙市,成都市,980
13,26,成都市,海口市,成都市,455
13,27,成都市,贵阳市,成都市,1241
13,28,成都市,西安市,成都市,1516
13,29,成都市,西宁市,成都市,809
13,30,成都市,呼和浩特市,成都市,905
13,31,成都市,拉萨市,成都市,763
13,32,成都市,乌鲁木齐市,成都市,915
13,33,成都市,大连市,成都市,1335
13,34,成都市,青岛市,成都市,1432
13,35,成都市,宁波市,成都市,1293
13,36,成都市,厦门市,成都市,754
13,37,成都市,深圳市,成都市,1226
14,1,昆明市,北京市,昆明市,435
14,2,昆明市,上海市,昆明市,437
14,3,昆明市,天津市,昆明市,433
14,4,昆明市,重庆市,昆明市,1009
14,5,昆明市,石家庄市,昆明市,636
14,6,昆明市,沈阳市,昆明市,351
14,7,昆明市,哈尔滨市,昆明市,500
14,8,昆明市,杭州市,昆明市,384
14,9,昆明市,福州市,昆明市,344
14,10,昆明市,济南市,昆明市,270
14,11,昆明市,广州市,昆明市,334
14,12,昆明市,武汉市,昆明市,350
14,13,昆明市,成都市,昆明市,526
14,14,昆明市,昆明市,昆明市,393
14,15,昆明市,兰州市,昆明市,203
14,16,昆明市,台北市,昆明市,0
14,17,昆明市,南宁市,昆明市,325
14,18,昆明市,银川市,昆明市,165
14,19,昆明市,太原市,昆明市,281
14,20,昆明市,长春市,昆明市,267
14,21,昆明市,南京市,昆明市,320
14,22,昆明市,合肥市,昆明市,278
14,23,昆明市,南昌市,昆明市,275
14,24,昆明市,郑州市,昆明市,375
14,25,昆明市,长沙市,昆明市,265
14,26,昆明市,海口市,昆明市,118
14,27,昆明市,贵阳市,昆明市,277
14,28,昆明市,西安市,昆明市,355
14,29,昆明市,西宁市,昆明市,176
14,30,昆明市,呼和浩特市,昆明市,233
14,31,昆明市,拉萨市,昆明市,122
14,32,昆明市,乌鲁木齐市,昆明市,194
14,33,昆明市,大连市,昆明市,294
14,34,昆明市,青岛市,昆明市,308
14,35,昆明市,宁波市,昆明市,310
14,36,昆明市,厦门市,昆明市,173
14,37,昆明市,深圳市,昆明市,312
15,1,兰州市,北京市,兰州市,285
15,2,兰州市,上海市,兰州市,284
15,3,兰州市,天津市,兰州市,279
15,4,兰州市,重庆市,兰州市,638
15,5,兰州市,石家庄市,兰州市,383
15,6,兰州市,沈阳市,兰州市,210
15,7,兰州市,哈尔滨市,兰州市,300
15,8,兰州市,杭州市,兰州市,239
15,9,兰州市,福州市,兰州市,215
15,10,兰州市,济南市,兰州市,164
15,11,兰州市,广州市,兰州市,209
15,12,兰州市,武汉市,兰州市,217
15,13,兰州市,成都市,兰州市,325
15,14,兰州市,昆明市,兰州市,239
15,15,兰州市,兰州市,兰州市,131
15,16,兰州市,台北市,兰州市,0
15,17,兰州市,南宁市,兰州市,203
15,18,兰州市,银川市,兰州市,107
15,19,兰州市,太原市,兰州市,173
15,20,兰州市,长春市,兰州市,173
15,21,兰州市,南京市,兰州市,199
15,22,兰州市,合肥市,兰州市,176
15,23,兰州市,南昌市,兰州市,169
15,24,兰州市,郑州市,兰州市,239
15,25,兰州市,长沙市,兰州市,162
15,26,兰州市,海口市,兰州市,76
15,27,兰州市,贵阳市,兰州市,171
15,28,兰州市,西安市,兰州市,212
15,29,兰州市,西宁市,兰州市,113
15,30,兰州市,呼和浩特市,兰州市,148
15,31,兰州市,拉萨市,兰州市,68
15,32,兰州市,乌鲁木齐市,兰州市,126
15,33,兰州市,大连市,兰州市,182
15,34,兰州市,青岛市,兰州市,198
15,35,兰州市,宁波市,兰州市,199
15,36,兰州市,厦门市,兰州市,109
15,37,兰州市,深圳市,兰州市,200
16,1,台北市,北京市,台北市,0
16,2,台北市,上海市,台北市,0
16,3,台北市,天津市,台北市,0
16,4,台北市,重庆市,台北市,0
16,5,台北市,石家庄市,台北市,0
16,6,台北市,沈阳市,台北市,0
16,7,台北市,哈尔滨市,台北市,0
16,8,台北市,杭州市,台北市,0
16,9,台北市,福州市,台北市,0
16,10,台北市,济南市,台北市,0
16,11,台北市,广州市,台北市,0
16,12,台北市,武汉市,台北市,0
16,13,台北市,成都市,台北市,0
16,14,台北市,昆明市,台北市,0
16,15,台北市,兰州市,台北市,0
16,16,台北市,台北市,台北市,0
16,17,台北市,南宁市,台北市,0
16,18,台北市,银川市,台北市,0
16,19,台北市,太原市,台北市,0
16,20,台北市,长春市,台北市,0
16,21,台北市,南京市,台北市,0
16,22,台北市,合肥市,台北市,0
16,23,台北市,南昌市,台北市,0
16,24,台北市,郑州市,台北市,0
16,25,台北市,长沙市,台北市,0
16,26,台北市,海口市,台北市,0
16,27,台北市,贵阳市,台北市,0
16,28,台北市,西安市,台北市,0
16,29,台北市,西宁市,台北市,0
16,30,台北市,呼和浩特市,台北市,0
16,31,台北市,拉萨市,台北市,0
16,32,台北市,乌鲁木齐市,台北市,0
16,33,台北市,大连市,台北市,0
16,34,台北市,青岛市,台北市,0
16,35,台北市,宁波市,台北市,0
16,36,台北市,厦门市,台北市,0
16,37,台北市,深圳市,台北市,0
17,1,南宁市,北京市,南宁市,725
17,2,南宁市,上海市,南宁市,772
17,3,南宁市,天津市,南宁市,734
17,4,南宁市,重庆市,南宁市,1587
17,5,南宁市,石家庄市,南宁市,910
17,6,南宁市,沈阳市,南宁市,571
17,7,南宁市,哈尔滨市,南宁市,725
17,8,南宁市,杭州市,南宁市,552
17,9,南宁市,福州市,南宁市,517
17,10,南宁市,济南市,南宁市,403
17,11,南宁市,广州市,南宁市,472
17,12,南宁市,武汉市,南宁市,525
17,13,南宁市,成都市,南宁市,764
17,14,南宁市,昆明市,南宁市,567
17,15,南宁市,兰州市,南宁市,308
17,16,南宁市,台北市,南宁市,0
17,17,南宁市,南宁市,南宁市,424
17,18,南宁市,银川市,南宁市,247
17,19,南宁市,太原市,南宁市,414
17,20,南宁市,长春市,南宁市,460
17,21,南宁市,南京市,南宁市,500
17,22,南宁市,合肥市,南宁市,404
17,23,南宁市,南昌市,南宁市,421
17,24,南宁市,郑州市,南宁市,540
17,25,南宁市,长沙市,南宁市,385
17,26,南宁市,海口市,南宁市,181
17,27,南宁市,贵阳市,南宁市,436
17,28,南宁市,西安市,南宁市,522
17,29,南宁市,西宁市,南宁市,274
17,30,南宁市,呼和浩特市,南宁市,351
17,31,南宁市,拉萨市,南宁市,253
17,32,南宁市,乌鲁木齐市,南宁市,324
17,33,南宁市,大连市,南宁市,457
17,34,南宁市,青岛市,南宁市,474
17,35,南宁市,宁波市,南宁市,462
17,36,南宁市,厦门市,南宁市,263
17,37,南宁市,深圳市,南宁市,420
18,1,银川市,北京市,银川市,175
18,2,银川市,上海市,银川市,190
18,3,银川市,天津市,银川市,167
18,4,银川市,重庆市,银川市,411
18,5,银川市,石家庄市,银川市,264
18,6,银川市,沈阳市,银川市,139
18,7,银川市,哈尔滨市,银川市,208
18,8,银川市,杭州市,银川市,171
18,9,银川市,福州市,银川市,149
18,10,银川市,济南市,银川市,112
18,11,银川市,广州市,银川市,140
18,12,银川市,武汉市,银川市,150
18,13,银川市,成都市,银川市,227
18,14,银川市,昆明市,银川市,165
18,15,银川市,兰州市,银川市,89
18,16,银川市,台北市,银川市,0
18,17,银川市,南宁市,银川市,137
18,18,银川市,银川市,银川市,74
18,19,银川市,太原市,银川市,121
18,20,银川市,长春市,银川市,122
18,21,银川市,南京市,银川市,130
18,22,银川市,合肥市,银川市,115
18,23,银川市,南昌市,银川市,106
18,24,银川市,郑州市,银川市,167
18,25,银川市,长沙市,银川市,113
18,26,银川市,海口市,银川市,55
18,27,银川市,贵阳市,银川市,118
18,28,银川市,西安市,银川市,143
18,29,银川市,西宁市,银川市,74
18,30,银川市,呼和浩特市,银川市,57
18,31,银川市,拉萨市,银川市,23
18,32,银川市,乌鲁木齐市,银川市,86
18,33,银川市,大连市,银川市,127
18,34,银川市,青岛市,银川市,136
18,35,银川市,宁波市,银川市,141
18,36,银川市,厦门市,银川市,77
18,37,银川市,深圳市,银川市,150
19,1,太原市,北京市,太原市,367
19,2,太原市,上海市,太原市,362
19,3,太原市,天津市,太原市,367
19,4,太原市,重庆市,太原市,811
19,5,太原市,石家庄市,太原市,502
19,6,太原市,沈阳市,太原市,277
19,7,太原市,哈尔滨市,太原市,380
19,8,太原市,杭州市,太原市,333
19,9,太原市,福州市,太原市,281
19,10,太原市,济南市,太原市,223
19,11,太原市,广州市,太原市,292
19,12,太原市,武汉市,太原市,295
19,13,太原市,成都市,太原市,422
19,14,太原市,昆明市,太原市,305
19,15,太原市,兰州市,太原市,154
19,16,太原市,台北市,太原市,168
19,17,太原市,南宁市,太原市,249
19,18,太原市,银川市,太原市,126
19,19,太原市,太原市,太原市,219
19,20,太原市,长春市,太原市,210
19,21,太原市,南京市,太原市,278
19,22,太原市,合肥市,太原市,237
19,23,太原市,南昌市,太原市,231
19,24,太原市,郑州市,太原市,323
19,25,太原市,长沙市,太原市,230
19,26,太原市,海口市,太原市,92
19,27,太原市,贵阳市,太原市,221
19,28,太原市,西安市,太原市,283
19,29,太原市,西宁市,太原市,134
19,30,太原市,呼和浩特市,太原市,175
19,31,太原市,拉萨市,太原市,95
19,32,太原市,乌鲁木齐市,太原市,146
19,33,太原市,大连市,太原市,233
19,34,太原市,青岛市,太原市,268
19,35,太原市,宁波市,太原市,271
19,36,太原市,厦门市,太原市,149
19,37,太原市,深圳市,太原市,242
20,1,长春市,北京市,长春市,362
20,2,长春市,上海市,长春市,362
20,3,长春市,天津市,长春市,364
20,4,长春市,重庆市,长春市,882
20,5,长春市,石家庄市,长春市,574
20,6,长春市,沈阳市,长春市,300
20,7,长春市,哈尔滨市,长春市,443
20,8,长春市,杭州市,长春市,341
20,9,长春市,福州市,长春市,327
20,10,长春市,济南市,长春市,243
20,11,长春市,广州市,长春市,286
20,12,长春市,武汉市,长春市,306
20,13,长春市,成都市,长春市,474
20,14,长春市,昆明市,长春市,357
20,15,长春市,兰州市,长春市,193
20,16,长春市,台北市,长春市,0
20,17,长春市,南宁市,长春市,287
20,18,长春市,银川市,长春市,155
20,19,长春市,太原市,长春市,252
20,20,长春市,长春市,长春市,260
20,21,长春市,南京市,长春市,272
20,22,长春市,合肥市,长春市,255
20,23,长春市,南昌市,长春市,245
20,24,长春市,郑州市,长春市,342
20,25,长春市,长沙市,长春市,232
20,26,长春市,海口市,长春市,102
20,27,长春市,贵阳市,长春市,242
20,28,长春市,西安市,长春市,309
20,29,长春市,西宁市,长春市,159
20,30,长春市,呼和浩特市,长春市,217
20,31,长春市,拉萨市,长春市,125
20,32,长春市,乌鲁木齐市,长春市,183
20,33,长春市,大连市,长春市,258
20,34,长春市,青岛市,长春市,276
20,35,长春市,宁波市,长春市,274
20,36,长春市,厦门市,长春市,151
20,37,长春市,深圳市,长春市,289
21,1,南京市,北京市,南京市,1427
21,2,南京市,上海市,南京市,1917
21,3,南京市,天津市,南京市,1354
21,4,南京市,重庆市,南京市,2916
21,5,南京市,石家庄市,南京市,1829
21,6,南京市,沈阳市,南京市,1147
21,7,南京市,哈尔滨市,南京市,1450
21,8,南京市,杭州市,南京市,1277
21,9,南京市,福州市,南京市,1010
21,10,南京市,济南市,南京市,806
21,11,南京市,广州市,南京市,988
21,12,南京市,武汉市,南京市,976
21,13,南京市,成都市,南京市,1504
21,14,南京市,昆明市,南京市,1079
21,15,南京市,兰州市,南京市,635
21,16,南京市,台北市,南京市,11
21,17,南京市,南宁市,南京市,945
21,18,南京市,银川市,南京市,512
21,19,南京市,太原市,南京市,780
21,20,南京市,长春市,南京市,922
21,21,南京市,南京市,南京市,1410
21,22,南京市,合肥市,南京市,932
21,23,南京市,南昌市,南京市,858
21,24,南京市,郑州市,南京市,1113
21,25,南京市,长沙市,南京市,761
21,26,南京市,海口市,南京市,318
21,27,南京市,贵阳市,南京市,855
21,28,南京市,西安市,南京市,1011
21,29,南京市,西宁市,南京市,491
21,30,南京市,呼和浩特市,南京市,693
21,31,南京市,拉萨市,南京市,508
21,32,南京市,乌鲁木齐市,南京市,610
21,33,南京市,大连市,南京市,896
21,34,南京市,青岛市,南京市,997
21,35,南京市,宁波市,南京市,1092
21,36,南京市,厦门市,南京市,540
21,37,南京市,深圳市,南京市,807
22,1,合肥市,北京市,合肥市,1248
22,2,合肥市,上海市,合肥市,1283
22,3,合肥市,天津市,合肥市,1137
22,4,合肥市,重庆市,合肥市,2548
22,5,合肥市,石家庄市,合肥市,1567
22,6,合肥市,沈阳市,合肥市,990
22,7,合肥市,哈尔滨市,合肥市,1267
22,8,合肥市,杭州市,合肥市,967
22,9,合肥市,福州市,合肥市,908
22,10,合肥市,济南市,合肥市,700
22,11,合肥市,广州市,合肥市,806
22,12,合肥市,武汉市,合肥市,892
22,13,合肥市,成都市,合肥市,1305
22,14,合肥市,昆明市,合肥市,937
22,15,合肥市,兰州市,合肥市,563
22,16,合肥市,台北市,合肥市,0
22,17,合肥市,南宁市,合肥市,730
22,18,合肥市,银川市,合肥市,441
22,19,合肥市,太原市,合肥市,707
22,20,合肥市,长春市,合肥市,787
22,21,合肥市,南京市,合肥市,895
22,22,合肥市,合肥市,合肥市,828
22,23,合肥市,南昌市,合肥市,731
22,24,合肥市,郑州市,合肥市,929
22,25,合肥市,长沙市,合肥市,651
22,26,合肥市,海口市,合肥市,306
22,27,合肥市,贵阳市,合肥市,725
22,28,合肥市,西安市,合肥市,891
22,29,合肥市,西宁市,合肥市,462
22,30,合肥市,呼和浩特市,合肥市,600
22,31,合肥市,拉萨市,合肥市,468
22,32,合肥市,乌鲁木齐市,合肥市,565
22,33,合肥市,大连市,合肥市,795
22,34,合肥市,青岛市,合肥市,832
22,35,合肥市,宁波市,合肥市,799
22,36,合肥市,厦门市,合肥市,446
22,37,合肥市,深圳市,合肥市,697
23,1,南昌市,北京市,南昌市,919
23,2,南昌市,上海市,南昌市,969
23,3,南昌市,天津市,南昌市,939
23,4,南昌市,重庆市,南昌市,1934
23,5,南昌市,石家庄市,南昌市,1153
23,6,南昌市,沈阳市,南昌市,735
23,7,南昌市,哈尔滨市,南昌市,902
23,8,南昌市,杭州市,南昌市,764
23,9,南昌市,福州市,南昌市,692
23,10,南昌市,济南市,南昌市,533
23,11,南昌市,广州市,南昌市,657
23,12,南昌市,武汉市,南昌市,731
23,13,南昌市,成都市,南昌市,984
23,14,南昌市,昆明市,南昌市,701
23,15,南昌市,兰州市,南昌市,391
23,16,南昌市,台北市,南昌市,1
23,17,南昌市,南宁市,南昌市,515
23,18,南昌市,银川市,南昌市,310
23,19,南昌市,太原市,南昌市,522
23,20,南昌市,长春市,南昌市,578
23,21,南昌市,南京市,南昌市,689
23,22,南昌市,合肥市,南昌市,560
23,23,南昌市,南昌市,南昌市,602
23,24,南昌市,郑州市,南昌市,815
23,25,南昌市,长沙市,南昌市,530
23,26,南昌市,海口市,南昌市,225
23,27,南昌市,贵阳市,南昌市,552
23,28,南昌市,西安市,南昌市,670
23,29,南昌市,西宁市,南昌市,338
23,30,南昌市,呼和浩特市,南昌市,440
23,31,南昌市,拉萨市,南昌市,325
23,32,南昌市,乌鲁木齐市,南昌市,407
23,33,南昌市,大连市,南昌市,581
23,34,南昌市,青岛市,南昌市,649
23,35,南昌市,宁波市,南昌市,634
23,36,南昌市,厦门市,南昌市,365
23,37,南昌市,深圳市,南昌市,510
24,1,郑州市,北京市,郑州市,1788
24,2,郑州市,上海市,郑州市,1820
24,3,郑州市,天津市,郑州市,1786
24,4,郑州市,重庆市,郑州市,3856
24,5,郑州市,石家庄市,郑州市,2339
24,6,郑州市,沈阳市,郑州市,1497
24,7,郑州市,哈尔滨市,郑州市,1897
24,8,郑州市,杭州市,郑州市,1362
24,9,郑州市,福州市,郑州市,1325
24,10,郑州市,济南市,郑州市,1040
24,11,郑州市,广州市,郑州市,1257
24,12,郑州市,武汉市,郑州市,1290
24,13,郑州市,成都市,郑州市,1931
24,14,郑州市,昆明市,郑州市,1421
24,15,郑州市,兰州市,郑州市,837
24,16,郑州市,台北市,郑州市,0
24,17,郑州市,南宁市,郑州市,1090
24,18,郑州市,银川市,郑州市,655
24,19,郑州市,太原市,郑州市,1045
24,20,郑州市,长春市,郑州市,1215
24,21,郑州市,南京市,郑州市,1264
24,22,郑州市,合肥市,郑州市,1104
24,23,郑州市,南昌市,郑州市,1110
24,24,郑州市,郑州市,郑州市,1632
24,25,郑州市,长沙市,郑州市,961
24,26,郑州市,海口市,郑州市,450
24,27,郑州市,贵阳市,郑州市,1084
24,28,郑州市,西安市,郑州市,1327
24,29,郑州市,西宁市,郑州市,701
24,30,郑州市,呼和浩特市,郑州市,905
24,31,郑州市,拉萨市,郑州市,712
24,32,郑州市,乌鲁木齐市,郑州市,860
24,33,郑州市,大连市,郑州市,1173
24,34,郑州市,青岛市,郑州市,1232
24,35,郑州市,宁波市,郑州市,1134
24,36,郑州市,厦门市,郑州市,648
24,37,郑州市,深圳市,郑州市,1057
25,1,长沙市,北京市,长沙市,818
25,2,长沙市,上海市,长沙市,922
25,3,长沙市,天津市,长沙市,914
25,4,长沙市,重庆市,长沙市,1860
25,5,长沙市,石家庄市,长沙市,1119
25,6,长沙市,沈阳市,长沙市,860
25,7,长沙市,哈尔滨市,长沙市,1051
25,8,长沙市,杭州市,长沙市,874
25,9,长沙市,福州市,长沙市,791
25,10,长沙市,济南市,长沙市,613
25,11,长沙市,广州市,长沙市,767
25,12,长沙市,武汉市,长沙市,643
25,13,长沙市,成都市,长沙市,956
25,14,长沙市,昆明市,长沙市,813
25,15,长沙市,兰州市,长沙市,355
25,16,长沙市,台北市,长沙市,4
25,17,长沙市,南宁市,长沙市,678
25,18,长沙市,银川市,长沙市,375
25,19,长沙市,太原市,长沙市,468
25,20,长沙市,长春市,长沙市,641
25,21,长沙市,南京市,长沙市,630
25,22,长沙市,合肥市,长沙市,648
25,23,长沙市,南昌市,长沙市,576
25,24,长沙市,郑州市,长沙市,779
25,25,长沙市,长沙市,长沙市,509
25,26,长沙市,海口市,长沙市,270
25,27,长沙市,贵阳市,长沙市,613
25,28,长沙市,西安市,长沙市,660
25,29,长沙市,西宁市,长沙市,396
25,30,长沙市,呼和浩特市,长沙市,376
25,31,长沙市,拉萨市,长沙市,368
25,32,长沙市,乌鲁木齐市,长沙市,447
25,33,长沙市,大连市,长沙市,668
25,34,长沙市,青岛市,长沙市,752
25,35,长沙市,宁波市,长沙市,726
25,36,长沙市,厦门市,长沙市,421
25,37,长沙市,深圳市,长沙市,580
26,1,海口市,北京市,海口市,461
26,2,海口市,上海市,海口市,494
26,3,海口市,天津市,海口市,468
26,4,海口市,重庆市,海口市,1001
26,5,海口市,石家庄市,海口市,606
26,6,海口市,沈阳市,海口市,390
26,7,海口市,哈尔滨市,海口市,495
26,8,海口市,杭州市,海口市,374
26,9,海口市,福州市,海口市,361
26,10,海口市,济南市,海口市,272
26,11,海口市,广州市,海口市,319
26,12,海口市,武汉市,海口市,357
26,13,海口市,成都市,海口市,516
26,14,海口市,昆明市,海口市,380
26,15,海口市,兰州市,海口市,222
26,16,海口市,台北市,海口市,0
26,17,海口市,南宁市,海口市,280
26,18,海口市,银川市,海口市,178
26,19,海口市,太原市,海口市,282
26,20,海口市,长春市,海口市,330
26,21,海口市,南京市,海口市,341
26,22,海口市,合肥市,海口市,279
26,23,海口市,南昌市,海口市,285
26,24,海口市,郑州市,海口市,372
26,25,海口市,长沙市,海口市,259
26,26,海口市,海口市,海口市,130
26,27,海口市,贵阳市,海口市,296
26,28,海口市,西安市,海口市,347
26,29,海口市,西宁市,海口市,194
26,30,海口市,呼和浩特市,海口市,250
26,31,海口市,拉萨市,海口市,194
26,32,海口市,乌鲁木齐市,海口市,236
26,33,海口市,大连市,海口市,318
26,34,海口市,青岛市,海口市,330
26,35,海口市,宁波市,海口市,320
26,36,海口市,厦门市,海口市,182
26,37,海口市,深圳市,海口市,291
27,1,贵阳市,北京市,贵阳市,376
27,2,贵阳市,上海市,贵阳市,376
27,3,贵阳市,天津市,贵阳市,380
27,4,贵阳市,重庆市,贵阳市,880
27,5,贵阳市,石家庄市,贵阳市,629
27,6,贵阳市,沈阳市,贵阳市,347
27,7,贵阳市,哈尔滨市,贵阳市,495
27,8,贵阳市,杭州市,贵阳市,379
27,9,贵阳市,福州市,贵阳市,350
27,10,贵阳市,济南市,贵阳市,269
27,11,贵阳市,广州市,贵阳市,329
27,12,贵阳市,武汉市,贵阳市,351
27,13,贵阳市,成都市,贵阳市,525
27,14,贵阳市,昆明市,贵阳市,391
27,15,贵阳市,兰州市,贵阳市,212
27,16,贵阳市,台北市,贵阳市,0
27,17,贵阳市,南宁市,贵阳市,326
27,18,贵阳市,银川市,贵阳市,170
27,19,贵阳市,太原市,贵阳市,282
27,20,贵阳市,长春市,贵阳市,276
27,21,贵阳市,南京市,贵阳市,317
27,22,贵阳市,合肥市,贵阳市,284
27,23,贵阳市,南昌市,贵阳市,277
27,24,贵阳市,郑州市,贵阳市,378
27,25,贵阳市,长沙市,贵阳市,260
27,26,贵阳市,海口市,贵阳市,119
27,27,贵阳市,贵阳市,贵阳市,276
27,28,贵阳市,西安市,贵阳市,350
27,29,贵阳市,西宁市,贵阳市,180
27,30,贵阳市,呼和浩特市,贵阳市,240
27,31,贵阳市,拉萨市,贵阳市,144
27,32,贵阳市,乌鲁木齐市,贵阳市,205
27,33,贵阳市,大连市,贵阳市,292
27,34,贵阳市,青岛市,贵阳市,311
27,35,贵阳市,宁波市,贵阳市,309
27,36,贵阳市,厦门市,贵阳市,174
27,37,贵阳市,深圳市,贵阳市,313
28,1,西安市,北京市,西安市,989
28,2,西安市,上海市,西安市,821
28,3,西安市,天津市,西安市,810
28,4,西安市,重庆市,西安市,1791
28,5,西安市,石家庄市,西安市,1139
28,6,西安市,沈阳市,西安市,653
28,7,西安市,哈尔滨市,西安市,903
28,8,西安市,杭州市,西安市,673
28,9,西安市,福州市,西安市,645
28,10,西安市,济南市,西安市,498
28,11,西安市,广州市,西安市,599
28,12,西安市,武汉市,西安市,629
28,13,西安市,成都市,西安市,939
28,14,西安市,昆明市,西安市,668
28,15,西安市,兰州市,西安市,392
28,16,西安市,台北市,西安市,0
28,17,西安市,南宁市,西安市,593
28,18,西安市,银川市,西安市,311
28,19,西安市,太原市,西安市,508
28,20,西安市,长春市,西安市,497
28,21,西安市,南京市,西安市,583
28,22,西安市,合肥市,西安市,537
28,23,西安市,南昌市,西安市,503
28,24,西安市,郑州市,西安市,668
28,25,西安市,长沙市,西安市,464
28,26,西安市,海口市,西安市,216
28,27,西安市,贵阳市,西安市,497
28,28,西安市,西安市,西安市,635
28,29,西安市,西宁市,西安市,307
28,30,西安市,呼和浩特市,西安市,415
28,31,西安市,拉萨市,西安市,270
28,32,西安市,乌鲁木齐市,西安市,363
28,33,西安市,大连市,西安市,541
28,34,西安市,青岛市,西安市,576
28,35,西安市,宁波市,西安市,548
28,36,西安市,厦门市,西安市,310
28,37,西安市,深圳市,西安市,532
29,1,西宁市,北京市,西宁市,185
29,2,西宁市,上海市,西宁市,203
29,3,西宁市,天津市,西宁市,179
29,4,西宁市,重庆市,西宁市,459
29,5,西宁市,石家庄市,西宁市,295
29,6,西宁市,沈阳市,西宁市,154
29,7,西宁市,哈尔滨市,西宁市,233
29,8,西宁市,杭州市,西宁市,180
29,9,西宁市,福州市,西宁市,165
29,10,西宁市,济南市,西宁市,123
29,11,西宁市,广州市,西宁市,150
29,12,西宁市,武汉市,西宁市,164
29,13,西宁市,成都市,西宁市,247
29,14,西宁市,昆明市,西宁市,185
29,15,西宁市,兰州市,西宁市,97
29,16,西宁市,台北市,西宁市,0
29,17,西宁市,南宁市,西宁市,151
29,18,西宁市,银川市,西宁市,80
29,19,西宁市,太原市,西宁市,134
29,20,西宁市,长春市,西宁市,130
29,21,西宁市,南京市,西宁市,137
29,22,西宁市,合肥市,西宁市,124
29,23,西宁市,南昌市,西宁市,117
29,24,西宁市,郑州市,西宁市,176
29,25,西宁市,长沙市,西宁市,121
29,26,西宁市,海口市,西宁市,56
29,27,西宁市,贵阳市,西宁市,129
29,28,西宁市,西安市,西宁市,160
29,29,西宁市,西宁市,西宁市,79
29,30,西宁市,呼和浩特市,西宁市,113
29,31,西宁市,拉萨市,西宁市,23
29,32,西宁市,乌鲁木齐市,西宁市,93
29,33,西宁市,大连市,西宁市,135
29,34,西宁市,青岛市,西宁市,137
29,35,西宁市,宁波市,西宁市,143
29,36,西宁市,厦门市,西宁市,81
29,37,西宁市,深圳市,西宁市,160
30,1,呼和浩特市,北京市,呼和浩特市,305
30,2,呼和浩特市,上海市,呼和浩特市,233
30,3,呼和浩特市,天津市,呼和浩特市,293
30,4,呼和浩特市,重庆市,呼和浩特市,655
30,5,呼和浩特市,石家庄市,呼和浩特市,416
30,6,呼和浩特市,沈阳市,呼和浩特市,178
30,7,呼和浩特市,哈尔滨市,呼和浩特市,333
30,8,呼和浩特市,杭州市,呼和浩特市,202
30,9,呼和浩特市,福州市,呼和浩特市,175
30,10,呼和浩特市,济南市,呼和浩特市,179
30,11,呼和浩特市,广州市,呼和浩特市,181
30,12,呼和浩特市,武汉市,呼和浩特市,179
30,13,呼和浩特市,成都市,呼和浩特市,266
30,14,呼和浩特市,昆明市,呼和浩特市,201
30,15,呼和浩特市,兰州市,呼和浩特市,104
30,16,呼和浩特市,台北市,呼和浩特市,0
30,17,呼和浩特市,南宁市,呼和浩特市,231
30,18,呼和浩特市,银川市,呼和浩特市,85
30,19,呼和浩特市,太原市,呼和浩特市,193
30,20,呼和浩特市,长春市,呼和浩特市,139
30,21,呼和浩特市,南京市,呼和浩特市,168
30,22,呼和浩特市,合肥市,呼和浩特市,145
30,23,呼和浩特市,南昌市,呼和浩特市,187
30,24,呼和浩特市,郑州市,呼和浩特市,254
30,25,呼和浩特市,长沙市,呼和浩特市,137
30,26,呼和浩特市,海口市,呼和浩特市,65
30,27,呼和浩特市,贵阳市,呼和浩特市,190
30,28,呼和浩特市,西安市,呼和浩特市,182
30,29,呼和浩特市,西宁市,呼和浩特市,124
30,30,呼和浩特市,呼和浩特市,呼和浩特市,121
30,31,呼和浩特市,拉萨市,呼和浩特市,98
30,32,呼和浩特市,乌鲁木齐市,呼和浩特市,99
30,33,呼和浩特市,大连市,呼和浩特市,149
30,34,呼和浩特市,青岛市,呼和浩特市,156
30,35,呼和浩特市,宁波市,呼和浩特市,167
30,36,呼和浩特市,厦门市,呼和浩特市,92
30,37,呼和浩特市,深圳市,呼和浩特市,162
31,1,拉萨市,北京市,拉萨市,96
31,2,拉萨市,上海市,拉萨市,97
31,3,拉萨市,天津市,拉萨市,101
31,4,拉萨市,重庆市,拉萨市,230
31,5,拉萨市,石家庄市,拉萨市,181
31,6,拉萨市,沈阳市,拉萨市,97
31,7,拉萨市,哈尔滨市,拉萨市,140
31,8,拉萨市,杭州市,拉萨市,113
31,9,拉萨市,福州市,拉萨市,103
31,10,拉萨市,济南市,拉萨市,78
31,11,拉萨市,广州市,拉萨市,97
31,12,拉萨市,武汉市,拉萨市,101
31,13,拉萨市,成都市,拉萨市,157
31,14,拉萨市,昆明市,拉萨市,112
31,15,拉萨市,兰州市,拉萨市,58
31,16,拉萨市,台北市,拉萨市,0
31,17,拉萨市,南宁市,拉萨市,96
31,18,拉萨市,银川市,拉萨市,54
31,19,拉萨市,太原市,拉萨市,80
31,20,拉萨市,长春市,拉萨市,90
31,21,拉萨市,南京市,拉萨市,101
31,22,拉萨市,合肥市,拉萨市,88
31,23,拉萨市,南昌市,拉萨市,80
31,24,拉萨市,郑州市,拉萨市,120
31,25,拉萨市,长沙市,拉萨市,81
31,26,拉萨市,海口市,拉萨市,38
31,27,拉萨市,贵阳市,拉萨市,82
31,28,拉萨市,西安市,拉萨市,97
31,29,拉萨市,西宁市,拉萨市,53
31,30,拉萨市,呼和浩特市,拉萨市,71
31,31,拉萨市,拉萨市,拉萨市,54
31,32,拉萨市,乌鲁木齐市,拉萨市,62
31,33,拉萨市,大连市,拉萨市,90
31,34,拉萨市,青岛市,拉萨市,102
31,35,拉萨市,宁波市,拉萨市,101
31,36,拉萨市,厦门市,拉萨市,52
31,37,拉萨市,深圳市,拉萨市,100
32,1,乌鲁木齐市,北京市,乌鲁木齐市,123
32,2,乌鲁木齐市,上海市,乌鲁木齐市,132
32,3,乌鲁木齐市,天津市,乌鲁木齐市,120
32,4,乌鲁木齐市,重庆市,乌鲁木齐市,340
32,5,乌鲁木齐市,石家庄市,乌鲁木齐市,235
32,6,乌鲁木齐市,沈阳市,乌鲁木齐市,126
32,7,乌鲁木齐市,哈尔滨市,乌鲁木齐市,183
32,8,乌鲁木齐市,杭州市,乌鲁木齐市,156
32,9,乌鲁木齐市,福州市,乌鲁木齐市,136
32,10,乌鲁木齐市,济南市,乌鲁木齐市,103
32,11,乌鲁木齐市,广州市,乌鲁木齐市,121
32,12,乌鲁木齐市,武汉市,乌鲁木齐市,125
32,13,乌鲁木齐市,成都市,乌鲁木齐市,207
32,14,乌鲁木齐市,昆明市,乌鲁木齐市,158
32,15,乌鲁木齐市,兰州市,乌鲁木齐市,73
32,16,乌鲁木齐市,台北市,乌鲁木齐市,0
32,17,乌鲁木齐市,南宁市,乌鲁木齐市,117
32,18,乌鲁木齐市,银川市,乌鲁木齐市,65
32,19,乌鲁木齐市,太原市,乌鲁木齐市,108
32,20,乌鲁木齐市,长春市,乌鲁木齐市,105
32,21,乌鲁木齐市,南京市,乌鲁木齐市,109
32,22,乌鲁木齐市,合肥市,乌鲁木齐市,102
32,23,乌鲁木齐市,南昌市,乌鲁木齐市,98
32,24,乌鲁木齐市,郑州市,乌鲁木齐市,138
32,25,乌鲁木齐市,长沙市,乌鲁木齐市,97
32,26,乌鲁木齐市,海口市,乌鲁木齐市,44
32,27,乌鲁木齐市,贵阳市,乌鲁木齐市,101
32,28,乌鲁木齐市,西安市,乌鲁木齐市,134
32,29,乌鲁木齐市,西宁市,乌鲁木齐市,63
32,30,乌鲁木齐市,呼和浩特市,乌鲁木齐市,91
32,31,乌鲁木齐市,拉萨市,乌鲁木齐市,35
32,32,乌鲁木齐市,乌鲁木齐市,乌鲁木齐市,72
32,33,乌鲁木齐市,大连市,乌鲁木齐市,111
32,34,乌鲁木齐市,青岛市,乌鲁木齐市,115
32,35,乌鲁木齐市,宁波市,乌鲁木齐市,119
32,36,乌鲁木齐市,厦门市,乌鲁木齐市,65
32,37,乌鲁木齐市,深圳市,乌鲁木齐市,125
33,1,大连市,北京市,大连市,506
33,2,大连市,上海市,大连市,304
33,3,大连市,天津市,大连市,288
33,4,大连市,重庆市,大连市,726
33,5,大连市,石家庄市,大连市,460
33,6,大连市,沈阳市,大连市,247
33,7,大连市,哈尔滨市,大连市,359
33,8,大连市,杭州市,大连市,279
33,9,大连市,福州市,大连市,250
33,10,大连市,济南市,大连市,191
33,11,大连市,广州市,大连市,229
33,12,大连市,武汉市,大连市,251
33,13,大连市,成都市,大连市,383
33,14,大连市,昆明市,大连市,287
33,15,大连市,兰州市,大连市,147
33,16,大连市,台北市,大连市,0
33,17,大连市,南宁市,大连市,222
33,18,大连市,银川市,大连市,121
33,19,大连市,太原市,大连市,204
33,20,大连市,长春市,大连市,200
33,21,大连市,南京市,大连市,218
33,22,大连市,合肥市,大连市,191
33,23,大连市,南昌市,大连市,186
33,24,大连市,郑州市,大连市,272
33,25,大连市,长沙市,大连市,189
33,26,大连市,海口市,大连市,84
33,27,大连市,贵阳市,大连市,199
33,28,大连市,西安市,大连市,250
33,29,大连市,西宁市,大连市,124
33,30,大连市,呼和浩特市,大连市,172
33,31,大连市,拉萨市,大连市,83
33,32,大连市,乌鲁木齐市,大连市,142
33,33,大连市,大连市,大连市,212
33,34,大连市,青岛市,大连市,217
33,35,大连市,宁波市,大连市,223
33,36,大连市,厦门市,大连市,123
33,37,大连市,深圳市,大连市,235
34,1,青岛市,北京市,青岛市,1363
34,2,青岛市,上海市,青岛市,1437
34,3,青岛市,天津市,青岛市,1405
34,4,青岛市,重庆市,青岛市,3087
34,5,青岛市,石家庄市,青岛市,1870
34,6,青岛市,沈阳市,青岛市,1184
34,7,青岛市,哈尔滨市,青岛市,1507
34,8,青岛市,杭州市,青岛市,1079
34,9,青岛市,福州市,青岛市,1022
34,10,青岛市,济南市,青岛市,1005
34,11,青岛市,广州市,青岛市,581
34,12,青岛市,武汉市,青岛市,1062
34,13,青岛市,成都市,青岛市,1553
34,14,青岛市,昆明市,青岛市,1082
34,15,青岛市,兰州市,青岛市,676
34,16,青岛市,台北市,青岛市,0
34,17,青岛市,南宁市,青岛市,958
34,18,青岛市,银川市,青岛市,534
34,19,青岛市,太原市,青岛市,846
34,20,青岛市,长春市,青岛市,985
34,21,青岛市,南京市,青岛市,989
34,22,青岛市,合肥市,青岛市,878
34,23,青岛市,南昌市,青岛市,886
34,24,青岛市,郑州市,青岛市,1110
34,25,青岛市,长沙市,青岛市,774
34,26,青岛市,海口市,青岛市,374
34,27,青岛市,贵阳市,青岛市,882
34,28,青岛市,西安市,青岛市,1063
34,29,青岛市,西宁市,青岛市,564
34,30,青岛市,呼和浩特市,青岛市,730
34,31,青岛市,拉萨市,青岛市,517
34,32,青岛市,乌鲁木齐市,青岛市,691
34,33,青岛市,大连市,青岛市,957
34,34,青岛市,青岛市,青岛市,1178
34,35,青岛市,宁波市,青岛市,895
34,36,青岛市,厦门市,青岛市,507
34,37,青岛市,深圳市,青岛市,493
35,1,宁波市,北京市,宁波市,1730
35,2,宁波市,上海市,宁波市,2788
35,3,宁波市,天津市,宁波市,1819
35,4,宁波市,重庆市,宁波市,3879
35,5,宁波市,石家庄市,宁波市,2416
35,6,宁波市,沈阳市,宁波市,1542
35,7,宁波市,哈尔滨市,宁波市,1945
35,8,宁波市,杭州市,宁波市,2179
35,9,宁波市,福州市,宁波市,1249
35,10,宁波市,济南市,宁波市,1090
35,11,宁波市,广州市,宁波市,1374
35,12,宁波市,武汉市,宁波市,1234
35,13,宁波市,成都市,宁波市,2060
35,14,宁波市,昆明市,宁波市,1460
35,15,宁波市,兰州市,宁波市,857
35,16,宁波市,台北市,宁波市,21
35,17,宁波市,南宁市,宁波市,1276
35,18,宁波市,银川市,宁波市,674
35,19,宁波市,太原市,宁波市,1035
35,20,宁波市,长春市,宁波市,1268
35,21,宁波市,南京市,宁波市,1432
35,22,宁波市,合肥市,宁波市,1088
35,23,宁波市,南昌市,宁波市,1018
35,24,宁波市,郑州市,宁波市,1586
35,25,宁波市,长沙市,宁波市,1025
35,26,宁波市,海口市,宁波市,424
35,27,宁波市,贵阳市,宁波市,1157
35,28,宁波市,西安市,宁波市,1337
35,29,宁波市,西宁市,宁波市,667
35,30,宁波市,呼和浩特市,宁波市,951
35,31,宁波市,拉萨市,宁波市,733
35,32,宁波市,乌鲁木齐市,宁波市,823
35,33,宁波市,大连市,宁波市,1202
35,34,宁波市,青岛市,宁波市,1500
35,35,宁波市,宁波市,宁波市,1681
35,36,宁波市,厦门市,宁波市,650
35,37,宁波市,深圳市,宁波市,971
36,1,厦门市,北京市,厦门市,772
36,2,厦门市,上海市,厦门市,817
36,3,厦门市,天津市,厦门市,804
36,4,厦门市,重庆市,厦门市,1805
36,5,厦门市,石家庄市,厦门市,1099
36,6,厦门市,沈阳市,厦门市,715
36,7,厦门市,哈尔滨市,厦门市,884
36,8,厦门市,杭州市,厦门市,656
36,9,厦门市,福州市,厦门市,642
36,10,厦门市,济南市,厦门市,463
36,11,厦门市,广州市,厦门市,645
36,12,厦门市,武汉市,厦门市,643
36,13,厦门市,成都市,厦门市,929
36,14,厦门市,昆明市,厦门市,690
36,15,厦门市,兰州市,厦门市,405
36,16,厦门市,台北市,厦门市,0
36,17,厦门市,南宁市,厦门市,540
36,18,厦门市,银川市,厦门市,317
36,19,厦门市,太原市,厦门市,502
36,20,厦门市,长春市,厦门市,596
36,21,厦门市,南京市,厦门市,581
36,22,厦门市,合肥市,厦门市,529
36,23,厦门市,南昌市,厦门市,532
36,24,厦门市,郑州市,厦门市,672
36,25,厦门市,长沙市,厦门市,466
36,26,厦门市,海口市,厦门市,232
36,27,厦门市,贵阳市,厦门市,533
36,28,厦门市,西安市,厦门市,636
36,29,厦门市,西宁市,厦门市,351
36,30,厦门市,呼和浩特市,厦门市,381
36,31,厦门市,拉萨市,厦门市,358
36,32,厦门市,乌鲁木齐市,厦门市,413
36,33,厦门市,大连市,厦门市,564
36,34,厦门市,青岛市,厦门市,559
36,35,厦门市,宁波市,厦门市,608
36,36,厦门市,厦门市,厦门市,349
36,37,厦门市,深圳市,厦门市,550
37,1,深圳市,北京市,深圳市,1643
37,2,深圳市,上海市,深圳市,2012
37,3,深圳市,天津市,深圳市,1843
37,4,深圳市,重庆市,深圳市,4114
37,5,深圳市,石家庄市,深圳市,2453
37,6,深圳市,沈阳市,深圳市,1604
37,7,深圳市,哈尔滨市,深圳市,2054
37,8,深圳市,杭州市,深圳市,1694
37,9,深圳市,福州市,深圳市,1537
37,10,深圳市,济南市,深圳市,1128
37,11,深圳市,广州市,深圳市,2027
37,12,深圳市,武汉市,深圳市,1445
37,13,深圳市,成都市,深圳市,2140
37,14,深圳市,昆明市,深圳市,1596
37,15,深圳市,兰州市,深圳市,945
37,16,深圳市,台北市,深圳市,8
37,17,深圳市,南宁市,深圳市,1343
37,18,深圳市,银川市,深圳市,780
37,19,深圳市,太原市,深圳市,1054
37,20,深圳市,长春市,深圳市,1551
37,21,深圳市,南京市,深圳市,1631
37,22,深圳市,合肥市,深圳市,1364
37,23,深圳市,南昌市,深圳市,1266
37,24,深圳市,郑州市,深圳市,1641
37,25,深圳市,长沙市,深圳市,1130
37,26,深圳市,海口市,深圳市,572
37,27,深圳市,贵阳市,深圳市,1265
37,28,深圳市,西安市,深圳市,1439
37,29,深圳市,西宁市,深圳市,843
37,30,深圳市,呼和浩特市,深圳市,1048
37,31,深圳市,拉萨市,深圳市,900
37,32,深圳市,乌鲁木齐市,深圳市,1006
37,33,深圳市,大连市,深圳市,1386
37,34,深圳市,青岛市,深圳市,1471
37,35,深圳市,宁波市,深圳市,1461
37,36,深圳市,厦门市,深圳市,843
37,37,深圳市,深圳市,深圳市,1895
